,city,x,y
0,3,1.6924153394258479,1.9149537708318838
1,2,0.13831079132690974,0.30173385897714095
2,10,1.3355725468015476,1.1584229123109422
3,6,2.7193184552535765,1.3568320335768158
4,1,1.2202108803463776,2.121105648163351
5,9,1.230996704879581,1.6122578082393524
6,5,1.1149165918599373,0.16761007921786286
7,7,0.6676291440329873,0.8056822692592445
8,4,0.3779678300471458,0.13818233124789403
9,8,0.6364329062680283,3.036018941501668
